{"cameraMode":{"drawMode":0,"name":"Shaded","section":"Shading Mode"},"sceneLighting":true,"audioPlay":false,"sceneViewState":{"showFog":true,"showMaterialUpdate":false,"showSkybox":true,"showFlares":true,"showImageEffects":true,"showParticleSystems":true},"in2DMode":false,"pivot":{"x":31.718002319335939,"y":-77.93766784667969,"z":174.37535095214845},"rotation":{"x":-0.23156937956809998,"y":-0.04958845674991608,"z":0.011820320039987564,"w":-0.9714818000793457},"size":439.06634521484377,"orthographic":false}