{"cameraMode":{"drawMode":0,"name":"Shaded","section":"Shading Mode"},"sceneLighting":false,"audioPlay":false,"sceneViewState":{"showFog":true,"showMaterialUpdate":false,"showSkybox":false,"showFlares":true,"showImageEffects":true,"showParticleSystems":true},"in2DMode":false,"pivot":{"x":3.1855950355529787,"y":17.36732292175293,"z":7.879877090454102},"rotation":{"x":-0.23156937956809998,"y":-0.04958845674991608,"z":0.011820320039987564,"w":-0.9714818000793457},"size":20.35526466369629,"orthographic":false}