{"cameraMode":{"drawMode":0,"name":"Shaded","section":"Shading Mode"},"sceneLighting":true,"audioPlay":false,"sceneViewState":{"showFog":true,"showMaterialUpdate":false,"showSkybox":true,"showFlares":true,"showImageEffects":true,"showParticleSystems":true},"in2DMode":false,"pivot":{"x":6.773149013519287,"y":-5.4324798583984379,"z":58.93428421020508},"rotation":{"x":-0.23156937956809998,"y":-0.04958845674991608,"z":0.011820320039987564,"w":-0.9714818000793457},"size":111.39944458007813,"orthographic":false}