{"cameraMode":{"drawMode":0,"name":"Shaded","section":"Shading Mode"},"sceneLighting":true,"audioPlay":false,"sceneViewState":{"showFog":true,"showMaterialUpdate":false,"showSkybox":true,"showFlares":true,"showImageEffects":true,"showParticleSystems":true},"in2DMode":false,"pivot":{"x":6.634166240692139,"y":-4.742562770843506,"z":57.57643508911133},"rotation":{"x":-0.23156937956809998,"y":-0.04958845674991608,"z":0.011820320039987564,"w":-0.9714818000793457},"size":110.05279541015625,"orthographic":false}