{"cameraMode":{"drawMode":0,"name":"Shaded","section":"Shading Mode"},"sceneLighting":true,"audioPlay":false,"sceneViewState":{"showFog":true,"showMaterialUpdate":false,"showSkybox":true,"showFlares":true,"showImageEffects":true,"showParticleSystems":true},"in2DMode":false,"pivot":{"x":-0.3908195495605469,"y":34.085777282714847,"z":-77.90486907958985},"rotation":{"x":-0.23156937956809998,"y":-0.04958845674991608,"z":0.011820320039987564,"w":-0.9714818000793457},"size":99.71331787109375,"orthographic":false}