{"cameraMode":{"drawMode":0,"name":"Shaded","section":"Shading Mode"},"sceneLighting":false,"audioPlay":false,"sceneViewState":{"showFog":true,"showMaterialUpdate":false,"showSkybox":true,"showFlares":true,"showImageEffects":true,"showParticleSystems":true},"in2DMode":false,"pivot":{"x":30.36650848388672,"y":32.958797454833987,"z":32.60580062866211},"rotation":{"x":-0.1464119553565979,"y":-0.028188642114400865,"z":0.0041739242151379589,"w":-0.9888131618499756},"size":2.8578836917877199,"orthographic":false}