{"cameraMode":{"drawMode":0,"name":"Shaded","section":"Shading Mode"},"sceneLighting":false,"audioPlay":false,"sceneViewState":{"showFog":true,"showMaterialUpdate":false,"showSkybox":true,"showFlares":true,"showImageEffects":true,"showParticleSystems":true},"in2DMode":false,"pivot":{"x":61.04229736328125,"y":-58.49656295776367,"z":72.9369888305664},"rotation":{"x":-0.1464119553565979,"y":-0.028188642114400865,"z":0.0041739242151379589,"w":-0.9888131618499756},"size":344.18707275390627,"orthographic":false}